"CASE"	"SERIAL"	"REF"	"QUESTNNR"	"MODE"	"STARTED"	"SD01"	"SD15_01"	"SD15_01a"	"SD19_01"	"SD20_01"	"ST01"	"ST01_01"	"CO17_01"	"CO17_02"	"CO17_03"	"CO25_01"	"CO25_02"	"CO25_03"	"CO30_01"	"CO30_02"	"CO30_03"	"CO19_01"	"CO19_02"	"CO19_03"	"CO31_01"	"CO31_02"	"CO31_03"	"CO21_01"	"CO21_02"	"CO21_03"	"CO27_01"	"CO27_02"	"CO27_03"	"CO18_01"	"CO18_02"	"CO18_03"	"CO29_01"	"CO29_02"	"CO29_03"	"CO22_01"	"CO22_02"	"CO22_03"	"CO20_01"	"CO20_02"	"CO20_03"	"Z101_CP"	"Z101"	"Z102_CP"	"Z102"	"Z103_CP"	"Z103"	"OP01_01"	"OP02_01"	"OP03_01"	"OP04_01"	"TIME002"	"TIME003"	"TIME004"	"TIME005"	"TIME006"	"TIME007"	"TIME008"	"TIME009"	"TIME010"	"TIME011"	"TIME012"	"TIME013"	"TIME_SUM"	"MAILSENT"	"LASTDATA"	"FINISHED"	"Q_VIEWER"	"LASTPAGE"	"MAXPAGE"	"MISSING"	"MISSREL"	"TIME_RSI"	"DEG_TIME"
49			"base"	"interview"	2022-08-08 18:14:01	1	"Hausfrau"	F	42		1	T	7	4	5				7	6	6	7	6	6				7	7	6				7	4	5	7	7	6	6	4	6	7	5	6	2	1	1	2	1	2					30	13	31	9	109	2	30	28	77	2	27	3	361		2022-08-08 18:20:02	T	F	13	13	15	2	1.25	39
104			"base"	"interview"	2022-08-08 18:36:18	1	"Hausfrau"	F	58		1	T	7	7	5	4	4	3							6	6	6				6	6	6	7	7	7	3	3	3	6	6	6	6	6	6	3	2	1	1	1	1					14	17	8	10	44	9	29	26	48	7	50	3	265		2022-08-08 18:40:43	T	F	13	13	15	2	1.12	9
123			"base"	"interview"	2022-08-08 19:40:32	2	"wissenschaftlicher Mitarbeiter"	F	36		1	T	5	5	5				6	4	6	7	6	7				7	6	7				3	3	3	7	7	7	7	7	7	5	4	5	3	1	2	2	2	2	"1. Das Beispiel passt nicht gut zum Szenario. In einem werden die label bzgl. einer ""Ausgangsperson"" gegeben. D.h. Petra hat die ""Kategorie"" Mutter, weil sie ausgehend von einer anderen Person die Mutter ist. Wenn unsere ""zentrale Person"" Max heißt, müsste es also heißen ""Petra ist Mutter, weil sie weiblich ist und Max ihr Kind ist.""

2. Die erste Erklärung ist schon sehr gut und enthält alle Bedingungen, die man wissen muss, um etwas als Mutter zu klassifizieren. Da hilft das negative Beispiel nicht wirklich."				16	15	78	11	294	19	69	29	85	9	31	3	595		2022-08-08 19:51:31	T	F	13	13	12	2	0.73	2
183			"base"	"interview"	2022-08-09 09:38:07	2	"Ingenieur "	F	32		1	T	7	7	7	6	6	5				7	7	7							4	7	6	7	7	7	6	7	6	5	7	6	7	7	7	4	1	2	1	2	1					5	13	19	6	56	7	48	15	55	7	81	2	314		2022-08-09 09:43:21	T	F	13	13	15	2	1.24	16
186			"base"	"interview"	2022-08-09 09:42:16	1	"Physiotherapeutin "	F	31		1	T	7	7	5				4	6	4				6	6	6	2	2	4				7	5	5	6	6	5	5	5	4	3	4	4	4	2	3	2	3	2					8	34	32	16	155	43	37	37	122	17	56	3	529		2022-08-09 09:51:36	T	F	13	13	15	2	0.65	1
189			"base"	"interview"	2022-08-09 09:46:01	2	"Student"	F	23		1	T	6	5	7				6	6	6				7	2	5	3	3	5				4	5	7	7	7	5	7	6	7	7	3	6	4	2	3	2	3	2					10	12	3	6	48	11	26	15	22	225	17	4	182		2022-08-09 09:52:41	T	F	13	13	15	2	1.49	36
193			"base"	"interview"	2022-08-09 09:50:03	2	"Handwerk"	F	24		1	T	4	4	2	4	4	6				4	6	4							2	2	2	4	4	4	3	3	6	3	3	5	4	4	4	5	1	3	1	3	1					17	23	2	6	67	2	30	2	28	1	15	2	195		2022-08-09 09:53:18	T	F	13	13	15	2	1.94	131
199			"base"	"interview"	2022-08-09 09:52:35	1		T	30		1	T	6	5	7	7	5	6							6	4	5				6	5	6	5	7	6	5	7	6	4	7	5	5	7	5	6	2	4	1	4	1					4	20	4	4	49	4	26	1	18	3	14	3	150		2022-08-09 09:55:05	T	F	13	13	15	2	2.25	98
200			"base"	"interview"	2022-08-09 09:52:47	2	"IoT Solution Architect"	F	25		1	T	6	5	5				3	5	5				5	6	5				7	7	7	6	5	5	5	5	5	3	5	3	6	6	6	7	2	5	1	6	2					25	161	17	10	557	31	87	28	79	7	65	3	436		2022-08-09 10:10:37	T	F	13	13	15	2	0.62	1
202			"base"	"interview"	2022-08-09 09:53:03	1	"Infosec"	F	30		1	T	5	5	6				5	5	5	5	5	6				5	5	5				5	5	6	5	5	5	5	5	5	6	6	6	6	1	5	2	5	2					6	11	11	8	100	48	33	202	29	31	64	2	305		2022-08-09 10:02:08	T	F	13	13	15	2	1	13
204			"base"	"interview"	2022-08-09 09:57:43	2	"Informatiker"	F	30		1	T	5	7	1	7	7	1							6	5	1				7	7	1	5	7	1	7	7	1	7	7	1	5	5	1	7	2	6	1	6	1	"Die Frage ist nach der Definition einer Mutter: 
Eine Frau kann ein Kind haben, es jedoch nicht großziehen.
Genauso kann eine Frau kein biologisches Kind jedoch eines adoptiert haben oder aufziehen, wodurch diese die Attribute einer Mutter eher erfüllt, als die erstgenannte.
Eine Information über eine Entscheidung hilft nicht bei der Kontrolle einer KI, solange sie nicht durch Inputs gelenkt werden kann (die Quelldaten können auch von Facebook stammen ohne dass wir Einfluss auf deren Qualität haben oder die KI lenken / kontrollieren können)"	"Die Klassifikationsmerkmale sind temporal bedingt. Hätte es zB einen Dinosaurier gegeben, der ebenfalls dort gelebt und Eier gelegt hätte, wäre er auch ein Pinguin. Auch wenn das Verständnis der Entscheidung dadurch gegeben ist, ist sie doch nicht allgemeingültig genug um der KI so zu vertrauen "			6	18	3	3	383	2	285	17	32	1	59	2	249		2022-08-09 10:11:14	T	F	13	13	9	1	1.65	83
206			"base"	"interview"	2022-08-09 10:02:31	2	"Informatik "	F	40		1	T	7	7	4	7	7	4				7	7	4							7	7	4	7	7	4	7	7	4	7	7	4	7	7	4	7	1	5	1	5	1					22	24	15	39	55	8	39	54	28	1	24	2	282		2022-08-09 10:07:42	T	F	13	13	15	2	1.2	40
210			"base"	"interview"	2022-08-09 10:10:46	2	"Software Entwickler "	F	33		1	T	7	7	7	7	3	7				1	4	4				7	7	7				7	7	7	7	7	7	4	6	7	7	7	7	8	1	6	2	7	1					2	12	2	12	368	8	66	6	54	11	42	2	284		2022-08-09 10:20:31	T	F	13	13	15	2	1.47	58
213			"base"	"interview"	2022-08-09 10:16:59	2	"Musiker"	F	30		1	T	7	7	7				7	7	7	7	7	7				7	7	7				7	7	7	7	7	7	7	7	7	7	7	7	9	1	7	2	7	2					9	30	6	9	191	2	25	3	64	3	25	49	370		2022-08-09 10:23:55	T	F	13	13	15	2	1.51	64
223			"base"	"interview"	2022-08-09 10:41:24	1	"Graphic Design "	F	31		1	T	6	5	7	6	5	6							5	6	6				5	5	7	4	5	3	7	7	4	5	4	7	6	5	5	9	2	8	1	8	1	"Die Begründung ist stärker posetiv als die Ablehnung für mich. "				6	18	17	13	238	16	52	12	45	3	47	7	474		2022-08-09 10:49:18	T	F	13	13	12	2	1.06	13
224			"base"	"interview"	2022-08-09 10:46:07	2	"Akademischer Rat"	F	64	"Bei Rückfragen kannst Du mich gern kontaktieren: *removed for anonymization"	1	T	5	7	5				1	3	6				5	7	5	2	3	6				5	7	3	2	5	3	4	4	3	5	7	3	10	2	8	2	8	2	"Erklärung 1 erweckt den Anschein, alle Gründe für die Klassifikation zu nennen. Es könnten jedoch weitere Kriterien ausschlaggebend sein: Petra ist Mensch, Kind ist nicht adoptiert, etc. In Erklärung 2 wird nur eine mögliche Ursache für andere Klassifikation genannt, da erscheint Erklärung 1 vollständiger.."	"Begründung wie bei Frage 1.
Zusätzliche Anmerkung: Positive Antworten wie in Erklärung 1 sind leichter verständlich als solche mit mehreren Verneinungen."	"Für wen ist die Erklärung: für Clara oder die Ärztin/den Arzt??? Die zu beantwortenden Fragen kegen Clara nahe, die Fallbeschreibung habe ich anders verstanden.
Nutzen für Verstehen in Erklärung 1 setzt voraus, dass Cholesterin-Werte eingeschätzt werden können. Ist 54 mg/dl schlecht? Ist kleiner besser, egal welcher Wert? Auch 0 mg/dl? Erklärung 2 gibt eine qualitative Einschätzung.
Kontrollierbarkeit der KI ist größer bei Nennung von mehr Kriterien.
"	"Schulden bei Telefonanbieter können viele Ursachen haben, z.B. Unstimmigkeiten bei der Abrechnung. Außerdem sind 50 € Peanuts, führen aber wohl zu negativer Schufa-Auskunft. Erklärung 1 kann ich aus Sicht eines Kunden nicht nachvollziehen. Obwohl die Art der Erklärungen denen in den vorherigen Fällen gleichen, ist hier Erklärung 2 nützlicher, da die Klassifikation hier negativ für den Kunden ist, während die anderen Fälle eher eine positive Auswirkung der Klassifizierung nahelegen."	43	32	3	17	564	23	252	73	556	18	875	68	355		2022-08-09 11:28:11	T	F	13	13	0	0	0.5	15
227			"base"	"interview"	2022-08-09 11:13:28	2		T	23		1	T	7	7	7				7	7	4				7	7	7	7	6	7				7	7	7	7	7	7	1	1	7	7	4	7	10	2	8	2	8	2					8	10	5	11	37	10	45	9	42	2	26	3	208		2022-08-09 11:16:56	T	F	13	13	15	2	1.63	37
228			"base"	"interview"	2022-08-09 11:27:20	2	"Wissenschaftler "	F	30		1	T	7	6	5	7	7	7				7	4	6							7	7	7	7	7	7	4	7	2	3	1	1	7	2	5	10	1	9	1	9	1					12	18	20	9	73	11	49	2	47	2	43	7	293		2022-08-09 11:32:13	T	F	13	13	15	2	1.23	53
234			"base"	"interview"	2022-08-09 12:19:13	2	"IT-Unternehmen"	F	57	"Die Beispiele sind so gewählt, dass eine diferenzierte Abstufung der Einordnung kaum möglich ist.
Interessant wird es erst bei weniger offensichtlichen oder vagen Aussagen."	1	T	7	7	7				7	7	7	7	7	7				7	7	7				6	6	6	7	7	7	7	7	7	6	6	6	11	1	10	2	10	2	"Die doppelte Negation im zweiten Teil ist korrekt und nätzlich, aber etwas schwieriger zu verstehen."				4	27	25	12	124	16	35	22	28	7	37	102	340		2022-08-09 12:26:32	T	F	13	13	9	1	0.99	11
241			"base"	"interview"	2022-08-09 13:50:43	2	"Service Techniker "	F	42		1	T	6	6	6	6	6	6							6	6	6				5	5	5	7	7	7	7	7	7	5	5	5	7	7	7	12	2	10	1	10	1		"Einzig mir bekannte Lebensart dort die Eier legt"	"Mir fehlen hier die Hinweise das Gamma genau für die gegebenen Werte gedacht ist"		22	51	3	13	121	7	79	2	109	2	32	30	410		2022-08-09 13:58:34	T	F	13	13	9	2	1.26	72
242			"base"	"interview"	2022-08-09 13:51:29	2	"Student"	F	33		1	T	7	5	3	7	6	5							7	6	3				5	5	3	7	5	3	6	7	7	5	6	3	7	5	3	12	2	10	1	10	1			"Die Informationen helfen Clara zu verstehen, auf welche Faktoren die KI achtet. Sie hilft ihr aber nur bedingt, da sie die Faktoren vermutlich nicht weiter einordnen kann."		16	13	32	10	74	17	43	33	139	7	47	6	437		2022-08-09 13:58:46	T	F	13	13	12	2	0.78	2
251			"base"	"interview"	2022-08-09 14:46:35	1	"Angestellte und Studentin "	F	33		1	T	6	5	6				6	6	3	6	6	6				4	6	5				4	5	5	5	5	6	5	5	6	5	5	6	12	1	11	2	11	2					4	13	1	1	37	10	20	19	12	3	8	2	130		2022-08-09 14:48:45	T	F	13	13	15	2	2.17	134
252			"base"	"interview"	2022-08-09 14:50:24	1	"Studentin"	F	24		1	T	7	7	7				7	6	7	7	7	7				7	7	7				7	7	7	7	7	7	7	6	7	7	7	7	13	1	12	2	12	2					5	13	9	12	31	6	15	14	21	7	28	4	165		2022-08-09 14:53:09	T	F	13	13	15	2	1.63	33
254			"base"	"interview"	2022-08-09 14:57:04	1		T	25		1	T	5	6	6	6	6	5							5	5	6				6	6	6	3	4	4	5	7	5	4	5	5	3	4	4	14	2	12	1	12	1					4	7	36	13	68	14	29	20	42	9	31	3	276		2022-08-09 15:01:40	T	F	13	13	15	2	1.22	16
263			"base"	"interview"	2022-08-09 15:51:24	1	"Praktikant / Masterand"	F	25		1	T	7	6	7				6	6	6	7	7	7							7	7	7	6	6	6	6	6	6	7	7	7	6	6	6	14	1	13	1	13	2					6	26	11	11	33	1	22	2	16	2	17	1	148		2022-08-09 15:53:52	T	F	13	13	15	2	2.14	128
265			"base"	"interview"	2022-08-09 16:23:18	1	"Student und Werkstudent eCommerce"	F	26		1	T	7	7	7	7	7	7				6	6	7				7	7	7				7	7	7	7	7	7	6	6	7	6	6	7	15	1	13	2	13	1					8	20	25	11	24	12	30	26	26	9	31	3	225		2022-08-09 16:27:03	T	F	13	13	15	2	1.21	15
266			"base"	"interview"	2022-08-09 16:24:11	1	"Wissenschaftlicher Mitarbeiter"	F	26		1	T	7	5	7				7	7	7	7	6	7				7	4	7				6	5	7	7	7	4	5	5	6	5	4	6	15	1	14	2	14	2					19	16	26	13	67	15	32	35	41	17	35	2	318		2022-08-09 16:29:29	T	F	13	13	15	2	0.9	5
271			"base"	"interview"	2022-08-09 18:53:38	2	"Student"	F	29	"Ich habe die letzte Frage üder die Kontrollierbarkeit nicht verstanden."	1	T	7	7	5	6	7	4							6	6	4				7	7	4	7	1	4	7	7	4	1	1	4	7	7	4	15	2	14	1	14	1	"Ich verstehe nicht was Kontrollierbarkeit der KI bedeutet"				18	12	116	21	169	24	39	42	50	17	81	29	490		2022-08-09 19:03:56	T	F	13	13	9	1	0.58	2
275			"base"	"interview"	2022-08-09 19:10:04	2	"Lead data scientist "	F	34		1	T	7	7	4	7	7	4							7	7	4	7	7	4				7	7	4	7	7	4	7	7	4	7	7	4	16	2	15	2	15	1					3	15	14	10	31	10	29	25	16	3	16	2	174		2022-08-09 19:12:58	T	F	13	13	15	2	1.78	41
280			"base"	"interview"	2022-08-09 20:48:59	2	"Projektleiter im Bereich Bauprodukte und Emissionskammerprüfung "	F	31		1	T	6	7	7				5	6	4	7	7	5							3	4	4	5	6	6	5	4	4	4	4	4	4	4	4	17	1	15	1	15	2					18	40	34	26	112	21	44	56	74	12	74	11	522		2022-08-09 20:57:41	T	F	13	13	15	2	0.53	0
281			"base"	"interview"	2022-08-09 21:02:36	2	"Beamter"	F	63	"Zu Teil 1: Ich interessiere mich für Ahnenforschung"	1	T	7	7	7				7	7	7				7	7	6	5	5	5				7	6	6	7	7	6	4	6	6	7	6	6	18	2	16	2	16	2					534	20	6	13	82	15	46	16	52	11	39	55	313		2022-08-09 21:17:25	T	F	13	13	12	2	0.87	7
283			"base"	"interview"	2022-08-09 21:03:42	1	"Nicht berufstätig "	F	64	"Die ersten beiden Fragenkomplexe fand ich logisch, die nachfolgenden nicht."	1	T	7	7	7	1	1	1							7	7	7				1	1	1	7	7	7	1	1	1	1	1	1	7	7	7	17	2	16	1	16	1			"Ich sehe keine Möglichkeit, das zu beurteilen "	"Wenigstens das kredeitvolumen brauche ich zur Beurteilung "	97	20	46	12	70	14	57	22	92	12	78	50	436		2022-08-09 21:13:12	T	F	13	13	6	1	0.61	0
291			"base"	"interview"	2022-08-09 21:36:00	2	"Informatiker"	F	34		1	T	7	7	7				7	7	7	6	5	6							6	5	7	6	6	7	7	7	7	4	3	2	5	6	6	18	1	17	1	17	2					2164	13	15	9	47	11	37	19	74	6	33	2	276		2022-08-09 22:16:30	T	F	13	13	15	2	1.06	9
292			"base"	"interview"	2022-08-09 22:19:03	2	"Team Lead und IT Consultant"	F	39		1	T	7	7	4	7	7	5							7	7	4	7	7	4				7	7	4	7	7	4	7	7	4	7	7	4	19	2	17	2	17	1					43	26	3	13	58	30	38	3	34	12	34	17	297		2022-08-09 22:24:14	T	F	13	13	15	2	1.14	44
299			"base"	"interview"	2022-08-10 06:40:17	1		T	25		1	T	7	5	7				7	6	6	1	5	1							7	7	7	7	5	7	7	7	6	5	4	6	5	5	6	19	1	18	1	18	2					3	7	43	10	36	12	28	29	37	10	23	4	242		2022-08-10 06:44:19	T	F	13	13	15	2	1.36	25
303			"base"	"interview"	2022-08-10 08:11:20	1		T	22		1	T	6	5	5	6	6	6				6	6	6				6	5	3				5	5	5	6	6	6	5	5	5	6	5	4	20	1	18	2	18	1					3	13	1	1	9	2	8	1	8	1	7	2	56		2022-08-10 08:12:16	T	F	13	13	15	2	2.73	268
310			"base"	"interview"	2022-08-10 10:22:56	2	"Software-Entwickler"	F	54		1	T	7	7	7				7	7	4				6	6	6				1	1	3	6	6	6	7	7	3	6	6	6	7	7	7	20	2	19	1	19	2	"Weiblich mit Kind ist die Definition für ""Mutter"".
Spezielfälle werden nicht berücksichtigt (Tod, Adoption, etc.)"				4	14	13	11	179	14	65	21	123	9	65	3	521		2022-08-10 10:31:37	T	F	13	13	12	2	0.95	7
322			"base"	"interview"	2022-08-10 14:12:19	2	"Jurist, Mediator"	F	57	"interessantes Thema, schöne Grüsse, Andreas"	1	T	6	6	6	3	3	3				6	6	6				6	6	6				2	2	2	5	5	5	6	6	6	2	2	2	21	1	19	2	19	1	"Es fällt mir leichter, ""positiv"" formulierte Aussagen i.S. von ""ist"" gegenüber ""ist nicht"" nachzuvollziehen"	"wie die Frage zuvor. Hätte die KI das Tier als Pinguin klassifiziert, wenn es Eier gelegt hätte?"	"Mangels Kenntnis der Medikamente und der Wirkzusammenhänge wäre für mich jede Erklärung, die so kurz und knapp ist, sinnlos. Für mich als Als Nicht-Mediziner sind beide Aussagen etwa so aussagekräftig wie, ""vertrauen sie mir, ist gut für sie""."	"Unabhängig davon, ob eine KI basierte Einschätzung der Kreditwürdigkeit Sinn macht (es sind je lediglich statistische Einordnungen aufgrund einer Momentaufnahme) gibt mir die zweite Variante zumindest noch die Möglichkeit mein Rating durch Bezahlung einer Rechnung aktiv zu verbessern."	6	19	2	2	73	11	68	3	160	8	145	31	397		2022-08-10 14:21:07	T	F	13	13	0	0	1.32	70
326			"base"	"interview"	2022-08-10 16:53:12	1	"Recruiting "	F	25		1	T	6	4	4	6	6	6							7	7	7				6	6	6	2	3	3	6	6	6	5	5	5	7	7	7	21	2	20	1	20	1					3	12	2	9	32	9	19	15	22	6	33	8	170		2022-08-10 16:56:02	T	F	13	13	15	2	1.71	56
327			"base"	"interview"	2022-08-10 17:48:13	1		T	24		1	T	7	7	7				6	4	5				7	7	7	6	7	6				7	7	7	6	7	6	6	3	4	2	2	2	22	2	20	2	20	2		"Zu Frage 2:  Sorgt für Verwirrung. Was ist, wenn es sich um einen männlichen Pinguin handelt? Der legt keine Eier, ist aber ein Pinguin"			4	10	99	7	40	12	142	20	47	8	60	2	263		2022-08-10 17:55:44	T	F	13	13	12	2	1.16	16
329			"base"	"interview"	2022-08-10 18:39:11	1	"Studentin "	F	25		1	T	7	7	6				5	5	4	4	4	3							7	7	7	6	7	7	5	5	4	7	7	7	3	5	3	22	1	21	1	21	2					2	12	2	7	30	19	27	22	20	10	19	6	176		2022-08-10 18:42:07	T	F	13	13	15	2	1.66	63
333			"base"	"interview"	2022-08-10 19:04:55	2	"Software Enwickler"	F	31		1	T	7	7	7	3	3	4							7	7	7	4	4	5				7	7	7	6	7	5	7	6	7	7	7	7	23	2	21	2	21	1					6	47	3	20	178	64	33	45	82	8	109	3	516		2022-08-10 19:14:53	T	F	13	13	15	2	0.89	19
334			"base"	"interview"	2022-08-10 19:28:38	2	"Lehrer Biologie/Chemie/Informatik S1/2"	F	35		1	T	7	7	7	7	7	7				7	7	7							7	7	7	7	7	7	4	4	4	7	7	7	7	7	7	23	1	22	1	22	1					46	39	31	24	89	26	53	23	58	9	25	2	425		2022-08-10 19:35:43	T	F	13	13	15	2	0.77	5
336			"base"	"interview"	2022-08-10 23:35:32	-9	"Arbeiten "	F	46		1	T	4	7	4				7	7	4				7	7	4	7	4	4				4	7	4	7	7	4	7	7	4	7	4	4	24	2	22	2	22	2					13	23	11	17	142	39	69	54	104	24	75	7	551		2022-08-10 23:45:10	T	F	13	13	18	6	0.57	1
340			"base"	"interview"	2022-08-11 08:28:44	1	"Nebenberufliche Studentin"	F	24		1	T	7	4	4				6	7	7	7	4	4				7	5	4				5	4	4	5	6	5	6	7	4	4	5	6	24	1	23	2	23	2					3	20	2	1	23	5	32	2	25	1	21	3	138		2022-08-11 08:31:02	T	F	13	13	15	2	2.27	163
347			"base"	"interview"	2022-08-11 11:48:17	1		T	27		1	T	7	7	7	7	7	7							7	7	7				7	7	7	7	7	7	7	7	7	5	5	5	7	7	7	25	2	23	1	23	1					6	27	14	8	31	11	14	23	30	9	145	12	227		2022-08-11 11:53:47	T	F	13	13	15	2	1.21	19
351			"base"	"interview"	2022-08-11 12:49:11	2		T	36		1	T	7	7	7	5	4	5				7	4	7							3	4	3	7	7	7	5	7	4	3	3	3	6	5	6	25	1	24	1	24	1					3	16	13	8	32	15	50	20	43	6	38	2	246		2022-08-11 12:53:18	T	F	13	13	15	2	1.34	20
360			"base"	"interview"	2022-08-11 15:06:01	1	"Studentin "	F	26		1	T	3	3	3				4	6	4				1	5	4	7	7	7				7	7	6	7	7	7	7	7	7	2	5	4	26	2	24	2	24	2					5	10	4	2	41	18	26	25	22	7	17	2	179		2022-08-11 15:09:00	T	F	13	13	15	2	1.8	52
362			"base"	"interview"	2022-08-11 15:06:44	3	"Wissenschaftler*in"	F	32		1	T	7	7	2				7	5	5	7	7	2							6	4	3	7	7	3	6	6	6	5	6	5	5	5	3	26	1	26	1	26	2	"Kontrollierbarkeit ist hier schwer zu erreichen, weil 'Mutter' eine Kategorie ist, die sich schwer ändern lässt."		"Die zweite Erklärung gibt einen konkreten Anhaltspunkt für Änderungsmöglichkeiten. Die erste Erklärung ist möglicherweise überwältigend. Es ist schwer zu sagen, welche der Teilerklärungen für die Entscheidung besonders wichtig ist."	"Beide Erklärungen sind kurz genug, um leicht verständlich zu sein. Erklärung B macht noch etwas deutlicher, wie die Entscheidung beeinflusst werden könnte."	21	16	15	6	125	4	796	21	111	7	96	2	463		2022-08-11 15:27:04	T	F	13	13	6	1	1.02	14
365			"base"	"interview"	2022-08-11 15:09:15	1	"Sachbearbeiterin"	F	33		1	T	6	6	6				6	6	6	7	7	7							7	7	7	7	7	7	7	7	7	7	7	7	7	7	7	26	1	25	1	25	2					4	14	1	3	17	4	38	17	50	6	35	3	192		2022-08-11 15:12:27	T	F	13	13	15	2	1.87	82
366			"base"	"interview"	2022-08-11 15:14:27	1		T	28		1	T	7	7	7	7	7	7							7	7	7	1	5	6				7	7	7	7	7	7	6	7	6	7	7	7	27	2	25	2	25	1					4	11	9	6	36	3	29	1	72	1	58	5	235		2022-08-11 15:18:22	T	F	13	13	15	2	1.79	102
367			"base"	"interview"	2022-08-11 15:18:19	1	"Student"	F	20		1	T	7	7	7	1	3	7				5	7	5				5	3	7				7	7	7	4	7	7	7	7	5	1	3	1	27	1	26	2	26	1					18	7	21	12	34	11	39	18	37	10	35	2	244		2022-08-11 15:22:23	T	F	13	13	15	2	1.21	15
370			"base"	"interview"	2022-08-11 15:48:41	2	"Lehrer"	F	40	"Alle gelieferten Erklärungen waren in meinen Augen erhellend im Hinblick auf die Funktionsweise der KI."	1	T	7	7	7				7	7	7				7	7	7	5	7	7				7	7	7	7	7	7	7	7	7	7	7	7	28	2	27	2	27	2					17	11	16	8	68	2	23	12	50	8	26	57	244		2022-08-11 15:53:39	T	F	13	13	12	2	1.27	33
371			"base"	"interview"	2022-08-11 15:53:57	1	"Student "	F	21		1	T	7	6	7	5	6	6				5	4	5							7	6	7	7	7	7	7	7	7	7	7	7	7	7	7	29	1	27	1	27	1					11	13	5	6	28	12	36	19	35	9	35	2	211		2022-08-11 15:57:28	T	F	13	13	15	2	1.43	22
373			"base"	"interview"	2022-08-11 15:57:05	1	"Wissenschaft "	F	31		1	T	6	5	5				4	4	4	6	5	5							4	4	5	7	6	6	4	4	4	4	5	5	5	4	4	30	1	28	1	28	2					823	10	4	2	35	1	20	2	9	1	6	2	102		2022-08-11 16:12:20	T	F	13	13	15	2	2.34	193
375			"base"	"interview"	2022-08-11 16:03:32	1		T	38		1	T	7	6	7	7	7	7							7	6	7	7	7	7				7	6	7	7	7	7	7	7	7	7	6	7	29	2	28	2	28	1					25	13	45	11	101	13	37	34	20	31	32	3	342		2022-08-11 16:09:37	T	F	13	13	15	2	0.92	8
377			"base"	"interview"	2022-08-11 16:10:31	1	"Angestellte Psychologin"	F	40		1	T	7	7	5				4	4	4				6	6	5	1	1	1				7	7	5	3	3	3	1	1	1	7	6	6	30	2	29	2	29	2					5	19	28	12	41	16	31	17	27	3	37	4	240		2022-08-11 16:14:31	T	F	13	13	15	2	1.28	19
382			"base"	"interview"	2022-08-11 17:41:45	1	"Studium"	F	27		1	T	6	6	6	5	6	6							4	4	4				4	5	5	6	6	6	5	6	5	5	6	5	4	4	4	31	2	29	1	29	1					9	12	11	2	132	5	484	4	38	2	35	3	292		2022-08-11 17:54:02	T	F	13	13	15	2	1.6	58
385			"base"	"interview"	2022-08-11 19:29:05	3	"Wissenschaftliche Mitarbeiterin"	F	29		1	T	6	4	4	6	6	4				6	5	4				6	7	6				4	4	4	6	7	4	6	7	5	5	4	4	31	1	30	2	30	1					8	50	6	16	53	6	32	21	25	73	25	2	219		2022-08-11 19:34:22	T	F	13	13	15	2	1.27	21
386			"base"	"interview"	2022-08-11 20:11:12	1	"Elementarpädagogin"	F	33		1	T	7	7	5				7	7	6	7	6	5							7	7	6	6	5	5	7	7	6	7	7	6	6	6	5	32	1	30	1	30	2					19	23	22	10	97	7	79	10	51	2	45	4	369		2022-08-11 20:17:21	T	F	13	13	15	2	1.12	20
392			"base"	"interview"	2022-08-12 10:16:44	2	"WiMi"	F	42		1	T	7	7	7				5	5	5				6	6	6	7	7	7				7	7	7	5	5	5	7	7	7	5	5	5	32	2	31	2	31	2					76	25	63	24	112	40	46	60	32	47	68	7	467		2022-08-12 10:26:44	T	F	13	13	15	2	0.52	2
395			"base"	"interview"	2022-08-12 10:33:19	2	"Wissenschaftlicher Mitarbeiter"	F	31		1	T	7	5	7	5	2	6				7	7	6							5	4	6	7	5	6	6	7	6	6	3	6	7	7	7	33	1	31	1	31	1	"Ich habe mit dem Begriff Kontrollierbarkeit hier meine Probleme. Ich weiß nichts über die interne Funktionsweise der KI, folglich kann ich auch nicht entscheiden, ob mir die Information hilft, die KI zu kontrollieren. Auch ist mir nicht ganz klar, was ich kontrollieren möchte? Ob sie sich erwartungsgemäß verhält, nachvollziehbar, oder ""korrekt""?"				6	20	11	12	252	10	78	21	63	5	75	4	557		2022-08-12 10:42:36	T	F	13	13	12	2	0.94	7
406			"base"	"interview"	2022-08-12 13:54:27	2		T	28	"The Industrial Revolution and its consequences have been a disaster for the human race."	1	T	7	4	7				5	5	5				6	3	6				3	7	5	7	7	7	7	7	7	6	3	6	6	3	6	33	2	32	1	32	2	"Wenn
      Einschränkende Bedingung HatKind = true
Dann
      MutterstandPetra = 1

Oder sowat, bin kein studierten"	"Ich habe es nicht verstanden.
Es gibt mglw Grenzfälle von anderen eierlegenden Südpoltieren, was macht die KI denn dann?"	"Die KI erklärt nicht, was passiert wenn  ein Patient trotz Gegenindikation ein Medikament bekommt. Das ist in der Argumentation nicht vorhergesehen, es kann also nicht zwischen zwei Medikamenten abgewogen werden, wenn beide unterschiedlich ungünstig wären. Unpraktikabel oder so, keine Ahnung, bin kein Arzt und so"	"Klarer muss nicht nur wissen was der Ablehnungsgrund ist, sondern auch was sie dagegen tun kann und wie verschiedene Parameter, die für die Beurteilung verwendet werden, untereinander gewichtet werden"	3	9	29	7	207	7	108	24	189	69	107	125	559		2022-08-12 14:09:11	T	F	13	13	0	0	0.9	18
410			"base"	"interview"	2022-08-12 14:10:36	1	"Psychologin"	F	36	"Interessantes Thema"	1	T	6	7	7	7	7	7				5	4	4				7	7	7				6	5	5	7	7	7	7	7	7	4	2	2	34	1	32	2	32	1	"Es spricht zwar viel dafür, dass Petra weiblich ist, aber in der heutigen Zeit sollte man auch nicht binäre Personen berücksichtigen. Deshalb habe ich nicht ""stimme voll und ganz zu"" angeklickt.
Ähnliches gilt auch für die zweite Aussage: Theoretisch könnte Petra ja auch ""Mutter"" in einem SOS-Kinderdorf sein oder sich als Vater identifizieren."	"Die Aussagen sollten noch spezifischer die jeweilige Tierart beschreiben."	"Ich denke, dass die Informationen diesmal sehr hilfreich sind um die Künstliche Intelligenz zu verbessern."		29	80	27	17	461	21	124	39	152	15	61	25	487		2022-08-12 14:28:07	T	F	13	13	3	0	0.41	0
414			"base"	"interview"	2022-08-12 14:54:54	2	"Postdoc"	F	35		1	T	7	1	1	6	3	3							6	2	1				5	2	2	4	4	1	2	7	4	6	3	3	5	2	1	34	2	33	1	33	1					6	16	8	10	50	5	61	6	51	2	66	2	283		2022-08-12 14:59:37	T	F	13	13	15	2	1.58	38
415			"base"	"interview"	2022-08-12 15:11:49	2	"Rentner"	F	70	"Die Fragestellungen fand ich persönlich einleuchtend und nachvollziehbar, interessanterweise - vom Schwierigkeitsgrad her - auch nach und nach herausfordernder.                                                                                                                                                                        Technisch müsste ich Folgendes anmerken:   Bei dieser Teilnahme meinerseits handelt es sich sozusagen um einen zweiten Durchlauf! Bei meinem ersten Versuch, an dieser Online-Studie teilzunehmen, kam ich genau bis zur Hälfte -, dann ""streikte"" das Programm, d.h. es funktionierte gar nichts mehr, sodass ich mich komplett abmelden und ganz neu wieder starten musste."	1	T	7	7	7				3	2	2				7	7	7	4	3	4				7	7	7	5	5	4	7	7	4	7	7	7	35	2	33	2	33	2	"Fragestellung eindeutig, gut nachvollziehbar."	"Auch in diesem Fall leicht verständlich, nachvollziehbar, allerdings musste ich mich erst einmal vergewissern, dass mit Südpol die Antarktis gemeint ist."	"Als Nicht-Mediziner fiel es mir etwas schwer, mich in die Medikation hineinzudenken. Grundlage meiner Antworten war in jedem Fall das flankierende Gespräch mit dem Arzt."	"Ausgehend von der Vermutung, dass Clara beruflich tätig ist, d.h. im Berufsleben steht, konnte ich der ersten - negativen - Entscheidung nicht so recht folgen. Auf die Schulden in Höhe von  50,--Euro können m.E. kein Hinderungsgrund sein."	8	23	6	14	150	6	136	54	257	24	238	365	416		2022-08-12 15:33:11	T	F	13	13	0	0	0.74	11
417			"base"	"interview"	2022-08-12 16:24:01	1	"Verwaltung "	F	38		1	T	1	1	1	6	5	5				5	6	6							3	5	5	1	1	1	6	6	6	5	5	5	4	3	5	35	1	34	1	34	1					6	43	48	32	69	21	64	34	70	12	43	3	423		2022-08-12 16:31:26	T	F	13	13	15	2	0.73	3
419			"base"	"interview"	2022-08-12 16:58:38	1	"Lehrerin"	F	45		1	T	7	7	7				7	7	7				7	7	7	5	4	5				7	7	7	7	7	7	5	5	5	7	7	7	36	2	34	2	34	2			"Das ist schwer für mich zu beantworten, weil ich nicht Clara bin und ihr Wissen nicht kenne. Reicht die Information über Cholesterinwert und Wechselwirkung mit Delta aus, um Gamma im Gegensatz zu Alpha und Beta zu bevorzugen? Ich weiß es nicht und habe keine Ahnung, ob Clara das weiß."		11	12	30	14	43	15	39	22	234	8	68	4	313		2022-08-12 17:06:58	T	F	13	13	12	2	0.87	4
420			"base"	"interview"	2022-08-12 17:18:30	1	"IT-Systemkauffrau"	F	30		1	T	6	6	7	6	3	3				6	5	5				7	7	6				7	7	7	6	7	5	6	6	6	4	4	5	36	1	35	2	35	1					12	13	16	23	26	13	28	19	19	5	31	2	207		2022-08-12 17:21:57	T	F	13	13	15	2	1.36	22
428			"base"	"interview"	2022-08-12 23:39:22	2	"IT Administrator"	F	35	"Entscheidungen von KIs nachzuvollziehen hilft meiner Meinung nach sehr bei der Akzeptanz bei den Anwendern. Besonders bei komplexen Ausgangsdaten, wo viele Aspekte in die Entscheidung einfließen, ist eine ausführliche Begründung gut. "	1	T	7	6	6				7	7	7	7	6	6							7	7	7	7	5	5	7	7	7	7	6	7	7	6	6	37	1	35	1	35	2					10	16	30	28	75	12	37	64	38	9	34	105	338		2022-08-12 23:47:00	T	F	13	13	12	2	0.79	2
433			"base"	"interview"	2022-08-13 00:16:28	1	"Handwerk"	F	25		1	T	3	5	3	5	4	4							6	6	5				7	6	6	7	6	4	4	4	5	7	7	7	6	7	6	37	2	36	1	36	1					3	16	73	28	196	44	88	85	243	27	197	5	540		2022-08-13 00:33:13	T	F	13	13	15	2	0.6	10
446			"base"	"interview"	2022-08-13 16:01:25	1	"Elektroingenieurin an Uni"	F	32		1	T	5	4	2				7	7	3	6	5	2							7	5	4	6	5	2	5	7	3	7	7	3	6	5	2	40	1	39	1	39	2	"Ich finde es interessant das Programm die klare  wenn -dann Entscheidungen treffen als KI bezeichnet werden und noch schwerer mir vorzustellen wie man dies auf andere Arten von Kind übertragen könnte. Daher fehlt mir wohl die Vorstellungeskraft dafür, wie solche Informationen zur kontrollierbarkeit beitragen könnten."		"Nach jetzt schon mehreren dieser Frag bin ich mir nicht sicher was sie mit Kontrollierbarkeit meinen. Kontrollierbar durch den Programmentwickler der die Ki verbessern soll oder durch den Anwender wie hier die Ärtztin, die die Einzelfallentscheidung überprüfen muss?"		12	77	17483	18	471	24	97	28	284	19	145	5	390		2022-08-13 21:12:28	T	F	13	13	9	1	0.41	0
447			"base"	"interview"	2022-08-13 16:01:37	2		T	21		1	T	7	1	1				7	7	7	1	1	1				7	7	7				1	1	1	7	7	7	7	7	7	7	7	7	38	1	36	2	36	2					3	7	5	9	46	1	38	2	29	1	27	1	169		2022-08-13 16:04:26	T	F	13	13	15	2	2.25	149
452			"base"	"interview"	2022-08-13 16:54:03	1	"Angestellte"	F	37		1	T	7	7	6				7	7	6				7	6	6	4	3	3				7	7	6	7	7	7	3	2	3	6	6	6	38	2	37	2	37	2					171	11	40	7	107	12	58	17	65	16	500	4	389		2022-08-13 17:10:52	T	F	13	13	15	2	0.75	5
453			"base"	"interview"	2022-08-13 16:59:34	1		T	26		1	T	7	7	6	7	7	6							6	6	5	7	7	5				7	7	5	7	7	7	7	7	7	4	4	3	38	2	37	2	37	1					3	9	2	1	25	1	20	2	42	2	22	1	130		2022-08-13 17:01:44	T	F	13	13	15	2	2.54	193
460			"base"	"interview"	2022-08-13 18:42:30	2	"IT Berater"	F	48		1	T	7	7	7				7	7	7	5	5	7							7	7	7	7	7	7	7	7	7	7	7	7	7	7	7	39	1	37	1	38	2					600	17	2	12	49	8	35	16	30	4	30	2	215		2022-08-13 18:55:55	T	F	13	13	15	2	1.38	41
461			"base"	"interview"	2022-08-13 19:49:16	2	"Vertriebsassistent"	F	30		1	T	5	4	6	7	7	7							6	6	5				6	6	6	5	5	3	7	6	6	5	6	4	6	5	5	40	2	38	1	38	1					2	18	7	3	33	14	23	2	31	2	19	2	156		2022-08-13 19:51:52	T	F	13	13	15	2	2.06	99
466			"base"	"interview"	2022-08-14 00:31:50	2	"Wissenschaftlicher Beschäftigter"	F	26		1	T	7	7	7	7	4	6							7	7	7	5	5	7				6	7	6	4	7	2	6	6	4	5	6	5	41	2	39	2	39	1			"Die Fragestellung ist merkwürdig, da in der beschrieben Situation zunächst wichtig ist, ob die Information für die Ärztin/den Arzt hilfreich ist, die/der dann die Information für Clara übersetzen sollte."		39	37	56	24	142	17	67	37	304	16	118	9	609		2022-08-14 00:46:16	T	F	13	13	12	2	0.42	0
479			"base"	"interview"	2022-08-14 11:20:54	2	"Student "	F	41		1	T	7	7	7				7	7	7	4	4	4							7	7	7	7	7	7	7	7	7	7	7	7	7	7	7	41	1	40	1	40	2					12	18	2	12	80	11	51	30	47	5	53	6	327		2022-08-14 11:26:21	T	F	13	13	15	2	1.07	28
481			"base"	"interview"	2022-08-14 11:41:59	2	"Freiberuflich"	F	63	"Keines von den Beispielen braucht KI für die Herleitung."	1	T	5	5	6	6	6	6							5	5	6	6	6	6				5	5	6	7	7	6	5	5	6	5	5	6	42	2	41	2	41	1	"Reine Mengenzugehörigkeit ist eine triviale Antwort eines Computerprogrammes. Allgemeine Schlüsse daraus zu ziehen ist gerade bei heutiger KI schwierig. Meine erste Testfrage an das allgemeine KI-Programm: ""Sagst Du immer die Wahrheit? Nennst Du alle Widersprüche in deinen Anworten?"""	"Exakt gleiches Bespiel wie die ersten Fragen, s.o."	"Ich glaube das Clara ein besseres Vertrauen, in die Medikation hat, wenn die Entscheidungsfindung für Sie nachvollziehbar ist. Für die Überprüfbarkeit des KI-Expertensystems braucht man einen Experten, den Arzt."	"Meine Antworten beziehen sich auf die Versuchsnaordnung. Im echten Leben schreibt die KI die einmalige Ablehnung als kurzfristig unlöschbares Merkmal zurück in die Datenbasis. Auch wenn Clara die 50€ Telefonschulden bezahlt, erhält sie keinen Kredit und dann versteht Clara das Programm nicht mehr."	14	24	8	4	526	11	128	22	438	11	395	501	292		2022-08-14 12:16:41	T	F	13	13	0	0	0.76	10
482			"base"	"interview"	2022-08-14 11:42:39	2	"Systemadministrator "	F	34		1	T	7	7	7	7	7	7				7	7	7				5	7	7				7	7	7	7	7	7	7	7	7	7	7	7	42	1	40	2	40	1					7	34	3	3	33	4	67	10	29	8	23	2	223		2022-08-14 11:46:22	T	F	13	13	15	2	1.8	52
484			"base"	"interview"	2022-08-14 11:51:57	1	"Lehrer"	F	61	"bitte den Rückwärtspfeil zulassen"	1	T	7	7	7				7	7	7				6	7	6	7	7	7				7	7	7	6	6	6	7	7	7	4	4	4	42	2	41	2	41	2					10	12	3	22	73	22	36	41	59	2	55	23	338		2022-08-14 11:57:56	T	F	13	13	12	2	1.13	30
485			"base"	"interview"	2022-08-14 11:58:04	1	"Datenwissenschaftlerin, Trainerin, Postdoc"	F	34		1	T	6	2	5	7	7	3				7	7	6							7	7	6	2	1	1	5	3	7	6	7	5	6	3	3	43	1	41	1	41	1					166	59	46	15	87	21	72	40	60	13	66	2	449		2022-08-14 12:08:51	T	F	13	13	15	2	0.6	2
488			"base"	"interview"	2022-08-14 12:45:17	2		T	32	"Ich denke wichtig ist, das Informationen für den entsprechenden User gut verständlich sind. Doppelte verneinungen sind in dem Zusammenhang fies. Gleichzeitig dürfte eine Schwierigkeit darin liegen rauszubekommen wie viel Information notwendig ist damit die Entscheidung nicht nur verstanden sondern der KI auch vertraut wird.

"	1	T	6	6	6				6	6	5				5	5	6				7	6	7	5	3	6	3	4	5	3	4	2	5	3	5	44	2	42	1	42	2	"Um die notwendige Information zu bekommen muss der 2. Satz nach dem lesen erst umgedreht werden. Das stört das verstehen massiv. Dadurch verliert die Information einen großen Teil des nutzen."	"Die Verneinung macht es schwer den zweiten Satz zu verstehen. Dadurch verliert die Information an Wert.
Da viele vermutlich nicht wissen ob es weitere Tiere am Südpol gibt die Eier legen, wäre diese Information dazu auch noch gut. "	"Durch das mitteilen welche Informationen die Entscheidung beeinflusst haben, wird der Vorschlag logisch nachvollziehbarer und erhöht das Vertrauen in die KI deutlich. 
Die einzelne Information, dass bei einem besseren Cholesterinwert etwas anderes gewählt worden wäre lässt eher Fragen offen, das Vertrauen in die KI dürfte sinken. Es ist aus Sicht eines Laien unwahrscheinlich, dass bei einer Fülle an Informationen nur ein Punkt interessant ist für die Auswahl. Clara könnte das Gefühl haben das die KI unsauber arbeitet und ""macht was sie will""."	"Der erste Satz ist klar und damit nachvollziehbar. Die Gründe für das Verweigern des Kredits sind jedoch noch dürftig, sodass der Eindruck entstehen könnte, die KI nutzt nicht alle Daten.
der 2. Satz ist durch das Wort ""würde"" unklarer. Das macht die Entscheidung schlechter nachvollziehbar und die Information ist insgesamt sehr dürftig."	57	46	50	25	385	22	159	80	344	29	267	261	380		2022-08-14 13:14:02	T	F	13	13	0	0	0.25	0
489			"base"	"interview"	2022-08-14 12:47:56	1	"Ingenieurin"	F	39		1	T	7	7	4				7	7	4				7	4	4				7	7	4	7	4	4	7	7	4	7	7	4	7	7	4	44	2	42	1	42	2					3	359	323	78	175	11	65	26	67	7	164	26	440		2022-08-14 13:09:40	T	F	13	13	15	2	0.69	11
490			"base"	"interview"	2022-08-14 13:52:00	1	"Sprachlehrerin"	F	45		1	T	7	7	7	7	7	7				7	7	7				7	7	7				7	7	7	7	7	7	7	7	7	4	7	7	44	1	43	2	43	1					5	16	8	2	43	7	20	2	18	2	15	2	140		2022-08-14 13:54:20	T	F	13	13	15	2	2.16	102
492			"base"	"interview"	2022-08-14 18:25:42	2	"Rechtsanwalt"	F	42		1	T	7	7	7				5	5	7	7	7	7				6	5	7				7	7	7	6	6	5	6	5	6	7	7	7	45	1	44	2	44	2					48	16	15	17	57	8	34	20	36	6	48	2	307		2022-08-14 18:30:49	T	F	13	13	15	2	1.06	9
497			"base"	"interview"	2022-08-14 18:35:30	1		T	30	"""kontrollierbarkeit"" genauer zu erläutern könnte helfen :)"	1	T	7	7	6	4	1	5				4	5	4							5	6	4	5	2	4	2	7	5	4	4	5	6	4	3	46	1	44	1	44	1					36	10	159	17	194	14	88	30	80	14	78	79	578		2022-08-14 18:48:49	T	F	13	13	12	2	0.56	3
498			"base"	"interview"	2022-08-14 18:47:11	1	"Verwaltungsangestellte"	F	33		1	T	7	7	7	7	4	4							7	4	5				7	3	6	7	7	7	7	7	4	7	5	6	7	7	6	46	2	45	1	45	1					40	25	42	14	59	29	94	49	143	17	104	41	619		2022-08-14 18:58:08	T	F	13	13	15	2	0.47	1
499			"base"	"interview"	2022-08-14 19:00:38	2	"Sprachlehrer"	F	45		1	T	5	4	5				6	3	6	5	5	5				6	5	5				7	6	7	5	6	6	7	5	6	7	6	5	47	1	45	2	45	2					8	21	3	6	50	2	29	2	26	11	41	3	202		2022-08-14 19:04:00	T	F	13	13	15	2	1.66	86
500			"base"	"interview"	2022-08-14 19:01:04	2	"Psychotherapeut "	F	40		1	T	6	6	2	7	7	2							7	7	2				7	7	2	7	7	2	7	7	2	7	7	2	7	7	2	47	2	46	1	46	1					4	16	9	13	89	16	36	25	33	8	43	4	296		2022-08-14 19:06:00	T	F	13	13	15	2	1.12	11
501			"base"	"interview"	2022-08-14 19:06:46	2	"Conversational AI Consultant"	F	43		1	T	7	7	7				2	2	2	7	7	7				1	2	3				7	7	7	2	2	2	2	3	2	7	7	7	48	1	46	2	46	2	"Die Definition von Mutter, die die AI annimmt, wird verifizierbar "	"Siehe letzte Antwort"	"Zu wenig Informationen, es gibt zu viele Faktoren, die wechselseitig mit einander interagieren würden. Die Verifizierung der Entscheidung müsste viel mehr Daten enthalten, die sorgfältig geprüft werden müssten. Bedingt dadurch, dass ich nicht weiß, dass die Erklärung nur ein Modellbeispiel für eine komplexe Erklärung ist, sind nicht alle Werte bei 1."	"Siehe letzte Antwort. Viel zu wenige Informationen, um die Entscheidung der AI beurteilen zu können."	7	43	1	23	132	26	49	25	213	10	55	3	421		2022-08-14 19:16:33	T	F	13	13	3	1	0.89	43
505			"base"	"interview"	2022-08-14 22:00:54	1	"Tischlerin "	F	34		1	T	7	7	7	5	5	5							5	6	6	6	6	6				7	7	7	5	6	6	5	4	5	3	6	5	48	2	47	2	47	1					6	13	8	9	30	2	23	2	17	3	22	1	136		2022-08-14 22:03:10	T	F	13	13	15	2	2.17	102
507			"base"	"interview"	2022-08-14 23:15:50	1	"Sozialwissenschaftler"	F	26		1	T	6	4	4				6	1	1				7	7	4				1	1	1	6	6	4	6	7	4	7	7	4	7	7	4	49	2	47	1	47	2					14	23	43	13	48	26	26	33	46	13	38	2	325		2022-08-14 23:21:15	T	F	13	13	15	2	0.9	6
510			"base"	"interview"	2022-08-15 07:55:49	2	"Kaufmännische Tätigkeit"	F	29		1	T	7	6	6				6	5	6	7	7	7							6	6	7	6	6	6	6	6	6	2	4	6	6	5	7	49	1	48	1	48	2	"Ich kann leider nicht einschätzen, ob die KI durch die Informationen kontrollierbarer wird, gehe aber davon aus, dass logische Parameter als Grundlage einer KI helfen diese zu kontrollierbarer zu halten (da simple Logik-Parameter leichter angepasst werden können)."				124	18	253	15	187	43	77	31	86	19	123	5	597		2022-08-15 08:12:10	T	F	13	13	12	2	0.46	0
517			"base"	"interview"	2022-08-15 15:56:02	3	"Soziale Arbeit"	F	27		1	T	6	6	2	7	2	3				7	6	4				7	3	5				7	5	2	7	7	1	7	4	4	6	4	6	50	1	48	2	48	1	"Unverständlich, warum das die Kontrollierbarkeit erhöhen würde oder nicht."				32	12	30	11	98	19	56	21	57	10	49	3	398		2022-08-15 16:02:40	T	F	13	13	12	2	0.8	2
